metric,end,start,value,source,tag
RevenueFromContractWithCustomerExcludingAssessedTax,2023-12-31,2023-01-01,531.109,SEC 0001628280-26-012494 (2026-02-27); companyfacts,RevenueFromContractWithCustomerExcludingAssessedTax
CostOfRevenue,2023-12-31,2023-01-01,142.105,SEC 0001628280-26-012494 (2026-02-27); companyfacts,CostOfRevenue
GrossProfit,2023-12-31,2023-01-01,389.004,SEC 0001628280-26-012494 (2026-02-27); companyfacts,GrossProfit
ResearchAndDevelopmentExpense,2023-12-31,2023-01-01,194.352,SEC 0001628280-26-012494 (2026-02-27); companyfacts,ResearchAndDevelopmentExpense
SellingAndMarketingExpense,2023-12-31,2023-01-01,75.788,SEC 0001628280-26-012494 (2026-02-27); companyfacts,SellingAndMarketingExpense
GeneralAndAdministrativeExpense,2023-12-31,2023-01-01,132.123,SEC 0001628280-26-012494 (2026-02-27); companyfacts,GeneralAndAdministrativeExpense
OperatingExpenses,2023-12-31,2023-01-01,402.263,SEC 0001628280-26-012494 (2026-02-27); companyfacts,OperatingExpenses
OperatingIncomeLoss,2023-12-31,2023-01-01,-13.259,SEC 0001628280-26-012494 (2026-02-27); companyfacts,OperatingIncomeLoss
InterestIncomeOperating,2023-12-31,2023-01-01,31.091,SEC 0001628280-26-012494 (2026-02-27); companyfacts,InterestIncomeOperating
NonoperatingIncomeExpense,2023-12-31,2023-01-01,-0.055,SEC 0001628280-26-012494 (2026-02-27); companyfacts,NonoperatingIncomeExpense
IncomeLossFromContinuingOperationsBeforeIncomeTaxesExtraordinaryItemsNoncontrollingInterest,2023-12-31,2023-01-01,17.777,SEC 0001628280-26-012494 (2026-02-27); companyfacts,IncomeLossFromContinuingOperationsBeforeIncomeTaxesExtraordinaryItemsNoncontrollingInterest
IncomeTaxExpenseBenefit,2023-12-31,2023-01-01,1.71,SEC 0001628280-26-012494 (2026-02-27); companyfacts,IncomeTaxExpenseBenefit
NetIncomeLoss,2023-12-31,2023-01-01,16.067,SEC 0001628280-26-012494 (2026-02-27); companyfacts,NetIncomeLoss
DepreciationDepletionAndAmortization,2023-12-31,2023-01-01,7.095,SEC 0001628280-26-012494 (2026-02-27); companyfacts,DepreciationDepletionAndAmortization
ShareBasedCompensation,2023-12-31,2023-01-01,95.221,SEC 0001628280-26-012494 (2026-02-27); companyfacts,ShareBasedCompensation
PaymentsToAcquirePropertyPlantAndEquipment,2023-12-31,2023-01-01,3.191,SEC 0001628280-26-012494 (2026-02-27); companyfacts,PaymentsToAcquirePropertyPlantAndEquipment
capex_software,2023-12-31,2023-01-01,10.493,https://www.sec.gov/Archives/edgar/data/1562088/000162828026012494/duol-20251231.htm; cash-flow statement p86; software AND acquired intangibles,
NetCashProvidedByUsedInOperatingActivities,2023-12-31,2023-01-01,153.614,SEC 0001628280-26-012494 (2026-02-27); companyfacts,NetCashProvidedByUsedInOperatingActivities
NetCashProvidedByUsedInInvestingActivities,2023-12-31,2023-01-01,-13.584,SEC 0001628280-26-012494 (2026-02-27); companyfacts,NetCashProvidedByUsedInInvestingActivities
NetCashProvidedByUsedInFinancingActivities,2023-12-31,2023-01-01,2.135,SEC 0001628280-26-012494 (2026-02-27); companyfacts,NetCashProvidedByUsedInFinancingActivities
ProceedsFromStockOptionsExercised,2023-12-31,2023-01-01,13.617,SEC 0001628280-26-012494 (2026-02-27); companyfacts,ProceedsFromStockOptionsExercised
PaymentsRelatedToTaxWithholdingForShareBasedCompensation,2023-12-31,2023-01-01,11.482,SEC 0001628280-26-012494 (2026-02-27); companyfacts,PaymentsRelatedToTaxWithholdingForShareBasedCompensation
PaymentsToAcquireInvestments,2023-12-31,2023-01-01,0.0,SEC 0001628280-26-012494 (2026-02-27); companyfacts,PaymentsToAcquireInvestments
ProceedsFromSaleMaturityAndCollectionsOfInvestments,2023-12-31,2023-01-01,0.0,SEC 0001628280-26-012494 (2026-02-27); companyfacts,ProceedsFromSaleMaturityAndCollectionsOfInvestments
IncreaseDecreaseInContractWithCustomerLiability,2023-12-31,2023-01-01,91.642,SEC 0001628280-26-012494 (2026-02-27); companyfacts,IncreaseDecreaseInContractWithCustomerLiability
IncreaseDecreaseInAccountsReceivable,2023-12-31,2023-01-01,42.247,SEC 0001628280-26-012494 (2026-02-27); companyfacts,IncreaseDecreaseInAccountsReceivable
IncreaseDecreaseInAccountsPayable,2023-12-31,2023-01-01,1.261,SEC 0001628280-26-012494 (2026-02-27); companyfacts,IncreaseDecreaseInAccountsPayable
IncreaseDecreaseInAccruedLiabilities,2023-12-31,2023-01-01,3.444,SEC 0001628280-26-012494 (2026-02-27); companyfacts,IncreaseDecreaseInAccruedLiabilities
WeightedAverageNumberOfDilutedSharesOutstanding,2023-12-31,2023-01-01,46.522,SEC 0001628280-26-012494 (2026-02-27); companyfacts,WeightedAverageNumberOfDilutedSharesOutstanding
CashAndCashEquivalentsAtCarryingValue,2023-12-31,,747.61,SEC 0001562088-25-000042 (2025-02-28); companyfacts,CashAndCashEquivalentsAtCarryingValue
DebtSecuritiesHeldToMaturityAmortizedCostAfterAllowanceForCreditLossCurrent,2023-12-31,,0.0,SEC 0001562088-25-000042 (2025-02-28); companyfacts,DebtSecuritiesHeldToMaturityAmortizedCostAfterAllowanceForCreditLossCurrent
LongTermInvestments,2023-12-31,,0.0,SEC 0001562088-25-000042 (2025-02-28); companyfacts,LongTermInvestments
AccountsReceivableNetCurrent,2023-12-31,,88.975,SEC 0001562088-25-000042 (2025-02-28); companyfacts,AccountsReceivableNetCurrent
CapitalizedContractCostNetCurrent,2023-12-31,,53.931,SEC 0001562088-25-000042 (2025-02-28); companyfacts,CapitalizedContractCostNetCurrent
PrepaidExpenseAndOtherAssetsCurrent,2023-12-31,,7.282,SEC 0001562088-25-000042 (2025-02-28); companyfacts,PrepaidExpenseAndOtherAssetsCurrent
IncomeTaxReceivable,2023-12-31,,0.0,Absent line confirmed from filing; no balance/activity,
PropertyPlantAndEquipmentNet,2023-12-31,,11.792,SEC 0001562088-25-000042 (2025-02-28); companyfacts,PropertyPlantAndEquipmentNet
IntangibleAssetsNetExcludingGoodwill,2023-12-31,,15.995,SEC 0001562088-25-000042 (2025-02-28); companyfacts,IntangibleAssetsNetExcludingGoodwill
OperatingLeaseRightOfUseAsset,2023-12-31,,19.103,SEC 0001562088-25-000042 (2025-02-28); companyfacts,OperatingLeaseRightOfUseAsset
Goodwill,2023-12-31,,4.05,SEC 0001562088-25-000042 (2025-02-28); companyfacts,Goodwill
RestrictedCashNoncurrent,2023-12-31,,2.735,SEC 0001562088-25-000042 (2025-02-28); companyfacts,RestrictedCashNoncurrent
DeferredIncomeTaxAssetsNet,2023-12-31,,0.766,SEC 0001562088-25-000042 (2025-02-28); companyfacts,DeferredIncomeTaxAssetsNet
OtherAssetsNoncurrent,2023-12-31,,1.718,SEC 0001562088-25-000042 (2025-02-28); companyfacts,OtherAssetsNoncurrent
Assets,2023-12-31,,953.957,SEC 0001562088-25-000042 (2025-02-28); companyfacts,Assets
AccountsPayableCurrent,2023-12-31,,2.447,SEC 0001562088-25-000042 (2025-02-28); companyfacts,AccountsPayableCurrent
AccruedLiabilitiesCurrent,2023-12-31,,24.931,SEC 0001562088-25-000042 (2025-02-28); companyfacts,AccruedLiabilitiesCurrent
ContractWithCustomerLiabilityCurrent,2023-12-31,,249.192,SEC 0001628280-26-012494 (2026-02-27); companyfacts,ContractWithCustomerLiabilityCurrent
AccruedIncomeTaxesCurrent,2023-12-31,,0.792,SEC 0001562088-25-000042 (2025-02-28); companyfacts,AccruedIncomeTaxesCurrent
OperatingLeaseLiabilityNoncurrent,2023-12-31,,21.094,SEC 0001562088-25-000042 (2025-02-28); companyfacts,OperatingLeaseLiabilityNoncurrent
DeferredIncomeTaxLiabilitiesNet,2023-12-31,,0.0,SEC 0001562088-25-000042 (2025-02-28); companyfacts,DeferredIncomeTaxLiabilitiesNet
Liabilities,2023-12-31,,298.456,SEC 0001562088-25-000042 (2025-02-28); companyfacts,Liabilities
StockholdersEquity,2023-12-31,,655.501,SEC 0001628280-26-012494 (2026-02-27); companyfacts,StockholdersEquity
RevenueFromContractWithCustomerExcludingAssessedTax,2024-12-31,2024-01-01,748.024,SEC 0001628280-26-012494 (2026-02-27); companyfacts,RevenueFromContractWithCustomerExcludingAssessedTax
CostOfRevenue,2024-12-31,2024-01-01,203.645,SEC 0001628280-26-012494 (2026-02-27); companyfacts,CostOfRevenue
GrossProfit,2024-12-31,2024-01-01,544.379,SEC 0001628280-26-012494 (2026-02-27); companyfacts,GrossProfit
ResearchAndDevelopmentExpense,2024-12-31,2024-01-01,235.298,SEC 0001628280-26-012494 (2026-02-27); companyfacts,ResearchAndDevelopmentExpense
SellingAndMarketingExpense,2024-12-31,2024-01-01,90.494,SEC 0001628280-26-012494 (2026-02-27); companyfacts,SellingAndMarketingExpense
GeneralAndAdministrativeExpense,2024-12-31,2024-01-01,155.992,SEC 0001628280-26-012494 (2026-02-27); companyfacts,GeneralAndAdministrativeExpense
OperatingExpenses,2024-12-31,2024-01-01,481.784,SEC 0001628280-26-012494 (2026-02-27); companyfacts,OperatingExpenses
OperatingIncomeLoss,2024-12-31,2024-01-01,62.595,SEC 0001628280-26-012494 (2026-02-27); companyfacts,OperatingIncomeLoss
InterestIncomeOperating,2024-12-31,2024-01-01,42.697,SEC 0001628280-26-012494 (2026-02-27); companyfacts,InterestIncomeOperating
NonoperatingIncomeExpense,2024-12-31,2024-01-01,-2.986,SEC 0001628280-26-012494 (2026-02-27); companyfacts,NonoperatingIncomeExpense
IncomeLossFromContinuingOperationsBeforeIncomeTaxesExtraordinaryItemsNoncontrollingInterest,2024-12-31,2024-01-01,102.306,SEC 0001628280-26-012494 (2026-02-27); companyfacts,IncomeLossFromContinuingOperationsBeforeIncomeTaxesExtraordinaryItemsNoncontrollingInterest
IncomeTaxExpenseBenefit,2024-12-31,2024-01-01,13.732,SEC 0001628280-26-012494 (2026-02-27); companyfacts,IncomeTaxExpenseBenefit
NetIncomeLoss,2024-12-31,2024-01-01,88.574,SEC 0001628280-26-012494 (2026-02-27); companyfacts,NetIncomeLoss
DepreciationDepletionAndAmortization,2024-12-31,2024-01-01,10.854,SEC 0001628280-26-012494 (2026-02-27); companyfacts,DepreciationDepletionAndAmortization
ShareBasedCompensation,2024-12-31,2024-01-01,110.477,SEC 0001628280-26-012494 (2026-02-27); companyfacts,ShareBasedCompensation
PaymentsToAcquirePropertyPlantAndEquipment,2024-12-31,2024-01-01,12.116,SEC 0001628280-26-012494 (2026-02-27); companyfacts,PaymentsToAcquirePropertyPlantAndEquipment
capex_software,2024-12-31,2024-01-01,9.024,https://www.sec.gov/Archives/edgar/data/1562088/000162828026012494/duol-20251231.htm; cash-flow statement p86; software AND acquired intangibles,
NetCashProvidedByUsedInOperatingActivities,2024-12-31,2024-01-01,285.513,SEC 0001628280-26-012494 (2026-02-27); companyfacts,NetCashProvidedByUsedInOperatingActivities
NetCashProvidedByUsedInInvestingActivities,2024-12-31,2024-01-01,-217.33,SEC 0001628280-26-012494 (2026-02-27); companyfacts,NetCashProvidedByUsedInInvestingActivities
NetCashProvidedByUsedInFinancingActivities,2024-12-31,2024-01-01,-30.002,SEC 0001628280-26-012494 (2026-02-27); companyfacts,NetCashProvidedByUsedInFinancingActivities
ProceedsFromStockOptionsExercised,2024-12-31,2024-01-01,19.356,SEC 0001628280-26-012494 (2026-02-27); companyfacts,ProceedsFromStockOptionsExercised
PaymentsRelatedToTaxWithholdingForShareBasedCompensation,2024-12-31,2024-01-01,49.358,SEC 0001628280-26-012494 (2026-02-27); companyfacts,PaymentsRelatedToTaxWithholdingForShareBasedCompensation
PaymentsToAcquireInvestments,2024-12-31,2024-01-01,193.3,SEC 0001628280-26-012494 (2026-02-27); companyfacts,PaymentsToAcquireInvestments
ProceedsFromSaleMaturityAndCollectionsOfInvestments,2024-12-31,2024-01-01,3.705,SEC 0001628280-26-012494 (2026-02-27); companyfacts,ProceedsFromSaleMaturityAndCollectionsOfInvestments
IncreaseDecreaseInContractWithCustomerLiability,2024-12-31,2024-01-01,123.692,SEC 0001628280-26-012494 (2026-02-27); companyfacts,IncreaseDecreaseInContractWithCustomerLiability
IncreaseDecreaseInAccountsReceivable,2024-12-31,2024-01-01,39.917,SEC 0001628280-26-012494 (2026-02-27); companyfacts,IncreaseDecreaseInAccountsReceivable
IncreaseDecreaseInAccountsPayable,2024-12-31,2024-01-01,3.934,SEC 0001628280-26-012494 (2026-02-27); companyfacts,IncreaseDecreaseInAccountsPayable
IncreaseDecreaseInAccruedLiabilities,2024-12-31,2024-01-01,16.85,SEC 0001628280-26-012494 (2026-02-27); companyfacts,IncreaseDecreaseInAccruedLiabilities
WeightedAverageNumberOfDilutedSharesOutstanding,2024-12-31,2024-01-01,47.101,SEC 0001628280-26-012494 (2026-02-27); companyfacts,WeightedAverageNumberOfDilutedSharesOutstanding
CashAndCashEquivalentsAtCarryingValue,2024-12-31,,785.791,SEC 0001628280-26-012494 (2026-02-27); companyfacts,CashAndCashEquivalentsAtCarryingValue
DebtSecuritiesHeldToMaturityAmortizedCostAfterAllowanceForCreditLossCurrent,2024-12-31,,91.854,SEC 0001628280-26-012494 (2026-02-27); companyfacts,DebtSecuritiesHeldToMaturityAmortizedCostAfterAllowanceForCreditLossCurrent
LongTermInvestments,2024-12-31,,98.292,SEC 0001628280-26-012494 (2026-02-27); companyfacts,LongTermInvestments
AccountsReceivableNetCurrent,2024-12-31,,128.923,SEC 0001628280-26-012494 (2026-02-27); companyfacts,AccountsReceivableNetCurrent
CapitalizedContractCostNetCurrent,2024-12-31,,80.162,SEC 0001628280-26-012494 (2026-02-27); companyfacts,CapitalizedContractCostNetCurrent
PrepaidExpenseAndOtherAssetsCurrent,2024-12-31,,14.831,SEC 0001628280-26-012494 (2026-02-27); companyfacts,PrepaidExpenseAndOtherAssetsCurrent
IncomeTaxReceivable,2024-12-31,,0.027,SEC 0001628280-26-012494 (2026-02-27); companyfacts,IncomeTaxReceivable
PropertyPlantAndEquipmentNet,2024-12-31,,18.943,SEC 0001628280-26-012494 (2026-02-27); companyfacts,PropertyPlantAndEquipmentNet
IntangibleAssetsNetExcludingGoodwill,2024-12-31,,19.899,SEC 0001628280-26-012494 (2026-02-27); companyfacts,IntangibleAssetsNetExcludingGoodwill
OperatingLeaseRightOfUseAsset,2024-12-31,,47.495,SEC 0001628280-26-012494 (2026-02-27); companyfacts,OperatingLeaseRightOfUseAsset
Goodwill,2024-12-31,,10.538,SEC 0001628280-26-012494 (2026-02-27); companyfacts,Goodwill
RestrictedCashNoncurrent,2024-12-31,,2.735,SEC 0001628280-26-012494 (2026-02-27); companyfacts,RestrictedCashNoncurrent
DeferredIncomeTaxAssetsNet,2024-12-31,,0.675,SEC 0001628280-26-012494 (2026-02-27); companyfacts,DeferredIncomeTaxAssetsNet
OtherAssetsNoncurrent,2024-12-31,,1.563,SEC 0001628280-26-012494 (2026-02-27); companyfacts,OtherAssetsNoncurrent
Assets,2024-12-31,,1301.728,SEC 0001628280-26-012494 (2026-02-27); companyfacts,Assets
AccountsPayableCurrent,2024-12-31,,6.381,SEC 0001628280-26-012494 (2026-02-27); companyfacts,AccountsPayableCurrent
AccruedLiabilitiesCurrent,2024-12-31,,36.375,SEC 0001628280-26-012494 (2026-02-27); companyfacts,AccruedLiabilitiesCurrent
ContractWithCustomerLiabilityCurrent,2024-12-31,,372.884,SEC 0001628280-26-012494 (2026-02-27); companyfacts,ContractWithCustomerLiabilityCurrent
AccruedIncomeTaxesCurrent,2024-12-31,,6.591,SEC 0001628280-26-012494 (2026-02-27); companyfacts,AccruedIncomeTaxesCurrent
OperatingLeaseLiabilityNoncurrent,2024-12-31,,54.656,SEC 0001628280-26-012494 (2026-02-27); companyfacts,OperatingLeaseLiabilityNoncurrent
DeferredIncomeTaxLiabilitiesNet,2024-12-31,,0.291,SEC 0001628280-26-012494 (2026-02-27); companyfacts,DeferredIncomeTaxLiabilitiesNet
Liabilities,2024-12-31,,477.178,SEC 0001628280-26-012494 (2026-02-27); companyfacts,Liabilities
StockholdersEquity,2024-12-31,,824.55,SEC 0001628280-26-012494 (2026-02-27); companyfacts,StockholdersEquity
RevenueFromContractWithCustomerExcludingAssessedTax,2025-12-31,2025-01-01,1037.589,SEC 0001628280-26-012494 (2026-02-27); companyfacts,RevenueFromContractWithCustomerExcludingAssessedTax
CostOfRevenue,2025-12-31,2025-01-01,288.132,SEC 0001628280-26-012494 (2026-02-27); companyfacts,CostOfRevenue
GrossProfit,2025-12-31,2025-01-01,749.457,SEC 0001628280-26-012494 (2026-02-27); companyfacts,GrossProfit
ResearchAndDevelopmentExpense,2025-12-31,2025-01-01,306.323,SEC 0001628280-26-012494 (2026-02-27); companyfacts,ResearchAndDevelopmentExpense
SellingAndMarketingExpense,2025-12-31,2025-01-01,125.677,SEC 0001628280-26-012494 (2026-02-27); companyfacts,SellingAndMarketingExpense
GeneralAndAdministrativeExpense,2025-12-31,2025-01-01,181.887,SEC 0001628280-26-012494 (2026-02-27); companyfacts,GeneralAndAdministrativeExpense
OperatingExpenses,2025-12-31,2025-01-01,613.887,SEC 0001628280-26-012494 (2026-02-27); companyfacts,OperatingExpenses
OperatingIncomeLoss,2025-12-31,2025-01-01,135.57,SEC 0001628280-26-012494 (2026-02-27); companyfacts,OperatingIncomeLoss
InterestIncomeOperating,2025-12-31,2025-01-01,45.231,SEC 0001628280-26-012494 (2026-02-27); companyfacts,InterestIncomeOperating
NonoperatingIncomeExpense,2025-12-31,2025-01-01,1.609,SEC 0001628280-26-012494 (2026-02-27); companyfacts,NonoperatingIncomeExpense
IncomeLossFromContinuingOperationsBeforeIncomeTaxesExtraordinaryItemsNoncontrollingInterest,2025-12-31,2025-01-01,182.41,SEC 0001628280-26-012494 (2026-02-27); companyfacts,IncomeLossFromContinuingOperationsBeforeIncomeTaxesExtraordinaryItemsNoncontrollingInterest
IncomeTaxExpenseBenefit,2025-12-31,2025-01-01,-231.655,SEC 0001628280-26-012494 (2026-02-27); companyfacts,IncomeTaxExpenseBenefit
NetIncomeLoss,2025-12-31,2025-01-01,414.065,SEC 0001628280-26-012494 (2026-02-27); companyfacts,NetIncomeLoss
DepreciationDepletionAndAmortization,2025-12-31,2025-01-01,14.391,SEC 0001628280-26-012494 (2026-02-27); companyfacts,DepreciationDepletionAndAmortization
ShareBasedCompensation,2025-12-31,2025-01-01,137.437,SEC 0001628280-26-012494 (2026-02-27); companyfacts,ShareBasedCompensation
PaymentsToAcquirePropertyPlantAndEquipment,2025-12-31,2025-01-01,18.096,SEC 0001628280-26-012494 (2026-02-27); companyfacts,PaymentsToAcquirePropertyPlantAndEquipment
capex_software,2025-12-31,2025-01-01,9.303,https://www.sec.gov/Archives/edgar/data/1562088/000162828026012494/duol-20251231.htm; cash-flow statement p86; software AND acquired intangibles,
NetCashProvidedByUsedInOperatingActivities,2025-12-31,2025-01-01,387.823,SEC 0001628280-26-012494 (2026-02-27); companyfacts,NetCashProvidedByUsedInOperatingActivities
NetCashProvidedByUsedInInvestingActivities,2025-12-31,2025-01-01,-107.678,SEC 0001628280-26-012494 (2026-02-27); companyfacts,NetCashProvidedByUsedInInvestingActivities
NetCashProvidedByUsedInFinancingActivities,2025-12-31,2025-01-01,-29.547,SEC 0001628280-26-012494 (2026-02-27); companyfacts,NetCashProvidedByUsedInFinancingActivities
ProceedsFromStockOptionsExercised,2025-12-31,2025-01-01,12.57,SEC 0001628280-26-012494 (2026-02-27); companyfacts,ProceedsFromStockOptionsExercised
PaymentsRelatedToTaxWithholdingForShareBasedCompensation,2025-12-31,2025-01-01,41.617,SEC 0001628280-26-012494 (2026-02-27); companyfacts,PaymentsRelatedToTaxWithholdingForShareBasedCompensation
PaymentsToAcquireInvestments,2025-12-31,2025-01-01,162.926,SEC 0001628280-26-012494 (2026-02-27); companyfacts,PaymentsToAcquireInvestments
ProceedsFromSaleMaturityAndCollectionsOfInvestments,2025-12-31,2025-01-01,115.747,SEC 0001628280-26-012494 (2026-02-27); companyfacts,ProceedsFromSaleMaturityAndCollectionsOfInvestments
IncreaseDecreaseInContractWithCustomerLiability,2025-12-31,2025-01-01,123.321,SEC 0001628280-26-012494 (2026-02-27); companyfacts,IncreaseDecreaseInContractWithCustomerLiability
IncreaseDecreaseInAccountsReceivable,2025-12-31,2025-01-01,33.904,SEC 0001628280-26-012494 (2026-02-27); companyfacts,IncreaseDecreaseInAccountsReceivable
IncreaseDecreaseInAccountsPayable,2025-12-31,2025-01-01,1.617,SEC 0001628280-26-012494 (2026-02-27); companyfacts,IncreaseDecreaseInAccountsPayable
IncreaseDecreaseInAccruedLiabilities,2025-12-31,2025-01-01,0.255,SEC 0001628280-26-012494 (2026-02-27); companyfacts,IncreaseDecreaseInAccruedLiabilities
WeightedAverageNumberOfDilutedSharesOutstanding,2025-12-31,2025-01-01,48.308,SEC 0001628280-26-012494 (2026-02-27); companyfacts,WeightedAverageNumberOfDilutedSharesOutstanding
CashAndCashEquivalentsAtCarryingValue,2025-12-31,,1036.389,SEC 0001628280-26-012494 (2026-02-27); companyfacts,CashAndCashEquivalentsAtCarryingValue
DebtSecuritiesHeldToMaturityAmortizedCostAfterAllowanceForCreditLossCurrent,2025-12-31,,104.078,SEC 0001628280-26-012494 (2026-02-27); companyfacts,DebtSecuritiesHeldToMaturityAmortizedCostAfterAllowanceForCreditLossCurrent
LongTermInvestments,2025-12-31,,135.098,SEC 0001628280-26-012494 (2026-02-27); companyfacts,LongTermInvestments
AccountsReceivableNetCurrent,2025-12-31,,162.827,SEC 0001628280-26-012494 (2026-02-27); companyfacts,AccountsReceivableNetCurrent
CapitalizedContractCostNetCurrent,2025-12-31,,102.663,SEC 0001628280-26-012494 (2026-02-27); companyfacts,CapitalizedContractCostNetCurrent
PrepaidExpenseAndOtherAssetsCurrent,2025-12-31,,16.582,SEC 0001628280-26-012494 (2026-02-27); companyfacts,PrepaidExpenseAndOtherAssetsCurrent
IncomeTaxReceivable,2025-12-31,,14.067,SEC 0001628280-26-012494 (2026-02-27); companyfacts,IncomeTaxReceivable
PropertyPlantAndEquipmentNet,2025-12-31,,36.297,SEC 0001628280-26-012494 (2026-02-27); companyfacts,PropertyPlantAndEquipmentNet
IntangibleAssetsNetExcludingGoodwill,2025-12-31,,28.309,SEC 0001628280-26-012494 (2026-02-27); companyfacts,IntangibleAssetsNetExcludingGoodwill
OperatingLeaseRightOfUseAsset,2025-12-31,,80.38,SEC 0001628280-26-012494 (2026-02-27); companyfacts,OperatingLeaseRightOfUseAsset
Goodwill,2025-12-31,,35.335,SEC 0001628280-26-012494 (2026-02-27); companyfacts,Goodwill
RestrictedCashNoncurrent,2025-12-31,,2.735,SEC 0001628280-26-012494 (2026-02-27); companyfacts,RestrictedCashNoncurrent
DeferredIncomeTaxAssetsNet,2025-12-31,,227.339,SEC 0001628280-26-012494 (2026-02-27); companyfacts,DeferredIncomeTaxAssetsNet
OtherAssetsNoncurrent,2025-12-31,,10.083,SEC 0001628280-26-012494 (2026-02-27); companyfacts,OtherAssetsNoncurrent
Assets,2025-12-31,,1992.182,SEC 0001628280-26-012494 (2026-02-27); companyfacts,Assets
AccountsPayableCurrent,2025-12-31,,7.998,SEC 0001628280-26-012494 (2026-02-27); companyfacts,AccountsPayableCurrent
AccruedLiabilitiesCurrent,2025-12-31,,45.688,SEC 0001628280-26-012494 (2026-02-27); companyfacts,AccruedLiabilitiesCurrent
ContractWithCustomerLiabilityCurrent,2025-12-31,,496.205,SEC 0001628280-26-012494 (2026-02-27); companyfacts,ContractWithCustomerLiabilityCurrent
AccruedIncomeTaxesCurrent,2025-12-31,,1.257,SEC 0001628280-26-012494 (2026-02-27); companyfacts,AccruedIncomeTaxesCurrent
OperatingLeaseLiabilityNoncurrent,2025-12-31,,93.779,SEC 0001628280-26-012494 (2026-02-27); companyfacts,OperatingLeaseLiabilityNoncurrent
DeferredIncomeTaxLiabilitiesNet,2025-12-31,,0.249,SEC 0001628280-26-012494 (2026-02-27); companyfacts,DeferredIncomeTaxLiabilitiesNet
Liabilities,2025-12-31,,645.176,SEC 0001628280-26-012494 (2026-02-27); companyfacts,Liabilities
StockholdersEquity,2025-12-31,,1347.006,SEC 0001628280-26-012494 (2026-02-27); companyfacts,StockholdersEquity
RevenueFromContractWithCustomerExcludingAssessedTax,2026-06-30,2026-01-01,590.421,SEC 0001628280-26-053603 (2026-08-06); companyfacts,RevenueFromContractWithCustomerExcludingAssessedTax
CostOfRevenue,2026-06-30,2026-01-01,160.585,SEC 0001628280-26-053603 (2026-08-06); companyfacts,CostOfRevenue
GrossProfit,2026-06-30,2026-01-01,429.836,SEC 0001628280-26-053603 (2026-08-06); companyfacts,GrossProfit
ResearchAndDevelopmentExpense,2026-06-30,2026-01-01,175.169,SEC 0001628280-26-053603 (2026-08-06); companyfacts,ResearchAndDevelopmentExpense
SellingAndMarketingExpense,2026-06-30,2026-01-01,79.256,SEC 0001628280-26-053603 (2026-08-06); companyfacts,SellingAndMarketingExpense
GeneralAndAdministrativeExpense,2026-06-30,2026-01-01,96.939,SEC 0001628280-26-053603 (2026-08-06); companyfacts,GeneralAndAdministrativeExpense
OperatingExpenses,2026-06-30,2026-01-01,351.364,SEC 0001628280-26-053603 (2026-08-06); companyfacts,OperatingExpenses
OperatingIncomeLoss,2026-06-30,2026-01-01,78.472,SEC 0001628280-26-053603 (2026-08-06); companyfacts,OperatingIncomeLoss
InterestIncomeOperating,2026-06-30,2026-01-01,23.642,SEC 0001628280-26-053603 (2026-08-06); companyfacts,InterestIncomeOperating
NonoperatingIncomeExpense,2026-06-30,2026-01-01,-1.196,SEC 0001628280-26-053603 (2026-08-06); companyfacts,NonoperatingIncomeExpense
IncomeLossFromContinuingOperationsBeforeIncomeTaxesExtraordinaryItemsNoncontrollingInterest,2026-06-30,2026-01-01,100.918,SEC 0001628280-26-053603 (2026-08-06); companyfacts,IncomeLossFromContinuingOperationsBeforeIncomeTaxesExtraordinaryItemsNoncontrollingInterest
IncomeTaxExpenseBenefit,2026-06-30,2026-01-01,24.3,SEC 0001628280-26-053603 (2026-08-06); companyfacts,IncomeTaxExpenseBenefit
NetIncomeLoss,2026-06-30,2026-01-01,76.618,SEC 0001628280-26-053603 (2026-08-06); companyfacts,NetIncomeLoss
DepreciationDepletionAndAmortization,2026-06-30,2026-01-01,8.438,SEC 0001628280-26-053603 (2026-08-06); companyfacts,DepreciationDepletionAndAmortization
ShareBasedCompensation,2026-06-30,2026-01-01,72.857,SEC 0001628280-26-053603 (2026-08-06); companyfacts,ShareBasedCompensation
PaymentsToAcquirePropertyPlantAndEquipment,2026-06-30,2026-01-01,7.028,SEC 0001628280-26-053603 (2026-08-06); companyfacts,PaymentsToAcquirePropertyPlantAndEquipment
PaymentsForSoftware,2026-06-30,2026-01-01,5.587,SEC 0001628280-26-053603 (2026-08-06); companyfacts,PaymentsForSoftware
NetCashProvidedByUsedInOperatingActivities,2026-06-30,2026-01-01,239.031,SEC 0001628280-26-053603 (2026-08-06); companyfacts,NetCashProvidedByUsedInOperatingActivities
NetCashProvidedByUsedInInvestingActivities,2026-06-30,2026-01-01,-8.469,SEC 0001628280-26-053603 (2026-08-06); companyfacts,NetCashProvidedByUsedInInvestingActivities
NetCashProvidedByUsedInFinancingActivities,2026-06-30,2026-01-01,-86.064,SEC 0001628280-26-053603 (2026-08-06); companyfacts,NetCashProvidedByUsedInFinancingActivities
ProceedsFromStockOptionsExercised,2026-06-30,2026-01-01,2.338,SEC 0001628280-26-053603 (2026-08-06); companyfacts,ProceedsFromStockOptionsExercised
PaymentsRelatedToTaxWithholdingForShareBasedCompensation,2026-06-30,2026-01-01,18.799,SEC 0001628280-26-053603 (2026-08-06); companyfacts,PaymentsRelatedToTaxWithholdingForShareBasedCompensation
PaymentsToAcquireInvestments,2026-06-30,2026-01-01,75.438,SEC 0001628280-26-053603 (2026-08-06); companyfacts,PaymentsToAcquireInvestments
ProceedsFromSaleMaturityAndCollectionsOfInvestments,2026-06-30,2026-01-01,79.584,SEC 0001628280-26-053603 (2026-08-06); companyfacts,ProceedsFromSaleMaturityAndCollectionsOfInvestments
IncreaseDecreaseInContractWithCustomerLiability,2026-06-30,2026-01-01,8.897,SEC 0001628280-26-053603 (2026-08-06); companyfacts,IncreaseDecreaseInContractWithCustomerLiability
IncreaseDecreaseInAccountsReceivable,2026-06-30,2026-01-01,-31.848,SEC 0001628280-26-053603 (2026-08-06); companyfacts,IncreaseDecreaseInAccountsReceivable
IncreaseDecreaseInAccountsPayable,2026-06-30,2026-01-01,6.188,SEC 0001628280-26-053603 (2026-08-06); companyfacts,IncreaseDecreaseInAccountsPayable
IncreaseDecreaseInAccruedLiabilities,2026-06-30,2026-01-01,7.159,SEC 0001628280-26-053603 (2026-08-06); companyfacts,IncreaseDecreaseInAccruedLiabilities
WeightedAverageNumberOfDilutedSharesOutstanding,2026-06-30,2026-01-01,50.08,SEC 0001628280-26-053603 (2026-08-06); companyfacts,WeightedAverageNumberOfDilutedSharesOutstanding
CashAndCashEquivalentsAtCarryingValue,2026-06-30,,1180.887,SEC 0001628280-26-053603 (2026-08-06); companyfacts,CashAndCashEquivalentsAtCarryingValue
DebtSecuritiesHeldToMaturityAmortizedCostAfterAllowanceForCreditLossCurrent,2026-06-30,,132.979,SEC 0001628280-26-053603 (2026-08-06); companyfacts,DebtSecuritiesHeldToMaturityAmortizedCostAfterAllowanceForCreditLossCurrent
LongTermInvestments,2026-06-30,,102.693,SEC 0001628280-26-053603 (2026-08-06); companyfacts,LongTermInvestments
AccountsReceivableNetCurrent,2026-06-30,,130.979,SEC 0001628280-26-053603 (2026-08-06); companyfacts,AccountsReceivableNetCurrent
CapitalizedContractCostNetCurrent,2026-06-30,,102.689,SEC 0001628280-26-053603 (2026-08-06); companyfacts,CapitalizedContractCostNetCurrent
PrepaidExpenseAndOtherAssetsCurrent,2026-06-30,,20.873,SEC 0001628280-26-053603 (2026-08-06); companyfacts,PrepaidExpenseAndOtherAssetsCurrent
IncomeTaxReceivable,2026-06-30,,2.707,SEC 0001628280-26-053603 (2026-08-06); companyfacts,IncomeTaxReceivable
PropertyPlantAndEquipmentNet,2026-06-30,,42.619,SEC 0001628280-26-053603 (2026-08-06); companyfacts,PropertyPlantAndEquipmentNet
IntangibleAssetsNetExcludingGoodwill,2026-06-30,,27.598,SEC 0001628280-26-053603 (2026-08-06); companyfacts,IntangibleAssetsNetExcludingGoodwill
OperatingLeaseRightOfUseAsset,2026-06-30,,74.83,SEC 0001628280-26-053603 (2026-08-06); companyfacts,OperatingLeaseRightOfUseAsset
Goodwill,2026-06-30,,35.335,SEC 0001628280-26-053603 (2026-08-06); companyfacts,Goodwill
RestrictedCashNoncurrent,2026-06-30,,2.735,SEC 0001628280-26-053603 (2026-08-06); companyfacts,RestrictedCashNoncurrent
DeferredIncomeTaxAssetsNet,2026-06-30,,206.039,SEC 0001628280-26-053603 (2026-08-06); companyfacts,DeferredIncomeTaxAssetsNet
OtherAssetsNoncurrent,2026-06-30,,10.99,SEC 0001628280-26-053603 (2026-08-06); companyfacts,OtherAssetsNoncurrent
Assets,2026-06-30,,2073.953,SEC 0001628280-26-053603 (2026-08-06); companyfacts,Assets
AccountsPayableCurrent,2026-06-30,,16.196,SEC 0001628280-26-053603 (2026-08-06); companyfacts,AccountsPayableCurrent
AccruedLiabilitiesCurrent,2026-06-30,,55.429,SEC 0001628280-26-053603 (2026-08-06); companyfacts,AccruedLiabilitiesCurrent
ContractWithCustomerLiabilityCurrent,2026-06-30,,505.102,SEC 0001628280-26-053603 (2026-08-06); companyfacts,ContractWithCustomerLiabilityCurrent
AccruedIncomeTaxesCurrent,2026-06-30,,1.106,SEC 0001628280-26-053603 (2026-08-06); companyfacts,AccruedIncomeTaxesCurrent
OperatingLeaseLiabilityNoncurrent,2026-06-30,,86.136,SEC 0001628280-26-053603 (2026-08-06); companyfacts,OperatingLeaseLiabilityNoncurrent
DeferredIncomeTaxLiabilitiesNet,2026-06-30,,0.242,SEC 0001628280-26-053603 (2026-08-06); companyfacts,DeferredIncomeTaxLiabilitiesNet
Liabilities,2026-06-30,,664.211,SEC 0001628280-26-053603 (2026-08-06); companyfacts,Liabilities
StockholdersEquity,2026-06-30,,1409.742,SEC 0001628280-26-053603 (2026-08-06); companyfacts,StockholdersEquity
